Position	TypeB
21A	yes
31C	yes
35C	no
50G	yes
70T	yes
91C	yes
105T	yes
112T	yes
132T	yes
141G	yes
166A	yes
197T	yes
202C	yes
203T	yes
204C	yes
213T	yes
236T	yes
239T	yes
254A	yes
260C	yes
265T	yes
271C	yes
287A	yes
302T	yes
311G	yes
318G	yes
321G	yes
325.1A	yes
325.2A	yes
325.3G	yes
328G	yes
333T	yes
340C	yes
346T	yes
353.1A	yes
355T	yes
373T	yes
395T	yes
399T	yes
410A	yes
412G	yes
417C	yes
421A	yes
427T	yes
433T	yes
443C	yes
458C	yes
459A	yes
461G	yes
467G	yes
473T	yes
478T	yes
514T	yes
516A	no
529A	yes
534G	yes
535T	yes
539T	yes
555D	yes
558T	yes
564T	yes
565T	yes
594G	yes
621C	yes
666T	yes
859A	no
1356T	no
1532A	no
1655D	no
1656D	no
1942T	no
2409T	no
2416G	no
2449C	no
2472	STR
2473	STR
2474	STR
2475	STR
2476	STR
2477	STR
2478	STR
2479	STR
2480	STR
2481	STR
2482	STR
2483	STR
2484	STR
2485	STR
2486	STR
2487	STR
2488	STR
2489	STR
2490	STR
2491	STR
2492	STR
2493	STR
2494	STR
2495	STR
2496	STR
2497	STR
2498	STR
2499	STR
2500	STR
2501	STR
2502	STR
2503	STR
2504	STR
2505	STR
2506A	no
2591A	no
2609G	no
2611C	no
2660A	no
2687G	no
2688G	no
2705G	no
2714G	no
2784C	yes
3061A	no
3103G	no
3336A	no
4071C	no
4072A	no
4265T	no
4355C	yes
4358G	no
4576G	no
